image,label
Img/img001-001.png,0
Img/img001-002.png,0
Img/img001-003.png,0
Img/img001-004.png,0
Img/img001-005.png,0
Img/img001-006.png,0
Img/img001-007.png,0
Img/img001-008.png,0
Img/img001-009.png,0
Img/img001-010.png,0
Img/img001-011.png,0
Img/img001-012.png,0
Img/img001-013.png,0
Img/img001-014.png,0
Img/img001-015.png,0
Img/img001-016.png,0
Img/img001-017.png,0
Img/img001-018.png,0
Img/img001-019.png,0
Img/img001-020.png,0
Img/img001-021.png,0
Img/img001-022.png,0
Img/img001-023.png,0
Img/img001-024.png,0
Img/img001-025.png,0
Img/img001-026.png,0
Img/img001-027.png,0
Img/img001-028.png,0
Img/img001-029.png,0
Img/img001-030.png,0
Img/img001-031.png,0
Img/img001-032.png,0
Img/img001-033.png,0
Img/img001-034.png,0
Img/img001-035.png,0
Img/img001-036.png,0
Img/img001-037.png,0
Img/img001-038.png,0
Img/img001-039.png,0
Img/img001-040.png,0
Img/img001-041.png,0
Img/img001-042.png,0
Img/img001-043.png,0
Img/img001-044.png,0
Img/img001-045.png,0
Img/img001-046.png,0
Img/img001-047.png,0
Img/img001-048.png,0
Img/img001-049.png,0
Img/img001-050.png,0
Img/img001-051.png,0
Img/img001-052.png,0
Img/img001-053.png,0
Img/img001-054.png,0
Img/img001-055.png,0
Img/img002-001.png,1
Img/img002-002.png,1
Img/img002-003.png,1
Img/img002-004.png,1
Img/img002-005.png,1
Img/img002-006.png,1
Img/img002-007.png,1
Img/img002-008.png,1
Img/img002-009.png,1
Img/img002-010.png,1
Img/img002-011.png,1
Img/img002-012.png,1
Img/img002-013.png,1
Img/img002-014.png,1
Img/img002-015.png,1
Img/img002-016.png,1
Img/img002-017.png,1
Img/img002-018.png,1
Img/img002-019.png,1
Img/img002-020.png,1
Img/img002-021.png,1
Img/img002-022.png,1
Img/img002-023.png,1
Img/img002-024.png,1
Img/img002-025.png,1
Img/img002-026.png,1
Img/img002-027.png,1
Img/img002-028.png,1
Img/img002-029.png,1
Img/img002-030.png,1
Img/img002-031.png,1
Img/img002-032.png,1
Img/img002-033.png,1
Img/img002-034.png,1
Img/img002-035.png,1
Img/img002-036.png,1
Img/img002-037.png,1
Img/img002-038.png,1
Img/img002-039.png,1
Img/img002-040.png,1
Img/img002-041.png,1
Img/img002-042.png,1
Img/img002-043.png,1
Img/img002-044.png,1
Img/img002-045.png,1
Img/img002-046.png,1
Img/img002-047.png,1
Img/img002-048.png,1
Img/img002-049.png,1
Img/img002-050.png,1
Img/img002-051.png,1
Img/img002-052.png,1
Img/img002-053.png,1
Img/img002-054.png,1
Img/img002-055.png,1
Img/img003-001.png,2
Img/img003-002.png,2
Img/img003-003.png,2
Img/img003-004.png,2
Img/img003-005.png,2
Img/img003-006.png,2
Img/img003-007.png,2
Img/img003-008.png,2
Img/img003-009.png,2
Img/img003-010.png,2
Img/img003-011.png,2
Img/img003-012.png,2
Img/img003-013.png,2
Img/img003-014.png,2
Img/img003-015.png,2
Img/img003-016.png,2
Img/img003-017.png,2
Img/img003-018.png,2
Img/img003-019.png,2
Img/img003-020.png,2
Img/img003-021.png,2
Img/img003-022.png,2
Img/img003-023.png,2
Img/img003-024.png,2
Img/img003-025.png,2
Img/img003-026.png,2
Img/img003-027.png,2
Img/img003-028.png,2
Img/img003-029.png,2
Img/img003-030.png,2
Img/img003-031.png,2
Img/img003-032.png,2
Img/img003-033.png,2
Img/img003-034.png,2
Img/img003-035.png,2
Img/img003-036.png,2
Img/img003-037.png,2
Img/img003-038.png,2
Img/img003-039.png,2
Img/img003-040.png,2
Img/img003-041.png,2
Img/img003-042.png,2
Img/img003-043.png,2
Img/img003-044.png,2
Img/img003-045.png,2
Img/img003-046.png,2
Img/img003-047.png,2
Img/img003-048.png,2
Img/img003-049.png,2
Img/img003-050.png,2
Img/img003-051.png,2
Img/img003-052.png,2
Img/img003-053.png,2
Img/img003-054.png,2
Img/img003-055.png,2
Img/img004-001.png,3
Img/img004-002.png,3
Img/img004-003.png,3
Img/img004-004.png,3
Img/img004-005.png,3
Img/img004-006.png,3
Img/img004-007.png,3
Img/img004-008.png,3
Img/img004-009.png,3
Img/img004-010.png,3
Img/img004-011.png,3
Img/img004-012.png,3
Img/img004-013.png,3
Img/img004-014.png,3
Img/img004-015.png,3
Img/img004-016.png,3
Img/img004-017.png,3
Img/img004-018.png,3
Img/img004-019.png,3
Img/img004-020.png,3
Img/img004-021.png,3
Img/img004-022.png,3
Img/img004-023.png,3
Img/img004-024.png,3
Img/img004-025.png,3
Img/img004-026.png,3
Img/img004-027.png,3
Img/img004-028.png,3
Img/img004-029.png,3
Img/img004-030.png,3
Img/img004-031.png,3
Img/img004-032.png,3
Img/img004-033.png,3
Img/img004-034.png,3
Img/img004-035.png,3
Img/img004-036.png,3
Img/img004-037.png,3
Img/img004-038.png,3
Img/img004-039.png,3
Img/img004-040.png,3
Img/img004-041.png,3
Img/img004-042.png,3
Img/img004-043.png,3
Img/img004-044.png,3
Img/img004-045.png,3
Img/img004-046.png,3
Img/img004-047.png,3
Img/img004-048.png,3
Img/img004-049.png,3
Img/img004-050.png,3
Img/img004-051.png,3
Img/img004-052.png,3
Img/img004-053.png,3
Img/img004-054.png,3
Img/img004-055.png,3
Img/img005-001.png,4
Img/img005-002.png,4
Img/img005-003.png,4
Img/img005-004.png,4
Img/img005-005.png,4
Img/img005-006.png,4
Img/img005-007.png,4
Img/img005-008.png,4
Img/img005-009.png,4
Img/img005-010.png,4
Img/img005-011.png,4
Img/img005-012.png,4
Img/img005-013.png,4
Img/img005-014.png,4
Img/img005-015.png,4
Img/img005-016.png,4
Img/img005-017.png,4
Img/img005-018.png,4
Img/img005-019.png,4
Img/img005-020.png,4
Img/img005-021.png,4
Img/img005-022.png,4
Img/img005-023.png,4
Img/img005-024.png,4
Img/img005-025.png,4
Img/img005-026.png,4
Img/img005-027.png,4
Img/img005-028.png,4
Img/img005-029.png,4
Img/img005-030.png,4
Img/img005-031.png,4
Img/img005-032.png,4
Img/img005-033.png,4
Img/img005-034.png,4
Img/img005-035.png,4
Img/img005-036.png,4
Img/img005-037.png,4
Img/img005-038.png,4
Img/img005-039.png,4
Img/img005-040.png,4
Img/img005-041.png,4
Img/img005-042.png,4
Img/img005-043.png,4
Img/img005-044.png,4
Img/img005-045.png,4
Img/img005-046.png,4
Img/img005-047.png,4
Img/img005-048.png,4
Img/img005-049.png,4
Img/img005-050.png,4
Img/img005-051.png,4
Img/img005-052.png,4
Img/img005-053.png,4
Img/img005-054.png,4
Img/img005-055.png,4
Img/img006-001.png,5
Img/img006-002.png,5
Img/img006-003.png,5
Img/img006-004.png,5
Img/img006-005.png,5
Img/img006-006.png,5
Img/img006-007.png,5
Img/img006-008.png,5
Img/img006-009.png,5
Img/img006-010.png,5
Img/img006-011.png,5
Img/img006-012.png,5
Img/img006-013.png,5
Img/img006-014.png,5
Img/img006-015.png,5
Img/img006-016.png,5
Img/img006-017.png,5
Img/img006-018.png,5
Img/img006-019.png,5
Img/img006-020.png,5
Img/img006-021.png,5
Img/img006-022.png,5
Img/img006-023.png,5
Img/img006-024.png,5
Img/img006-025.png,5
Img/img006-026.png,5
Img/img006-027.png,5
Img/img006-028.png,5
Img/img006-029.png,5
Img/img006-030.png,5
Img/img006-031.png,5
Img/img006-032.png,5
Img/img006-033.png,5
Img/img006-034.png,5
Img/img006-035.png,5
Img/img006-036.png,5
Img/img006-037.png,5
Img/img006-038.png,5
Img/img006-039.png,5
Img/img006-040.png,5
Img/img006-041.png,5
Img/img006-042.png,5
Img/img006-043.png,5
Img/img006-044.png,5
Img/img006-045.png,5
Img/img006-046.png,5
Img/img006-047.png,5
Img/img006-048.png,5
Img/img006-049.png,5
Img/img006-050.png,5
Img/img006-051.png,5
Img/img006-052.png,5
Img/img006-053.png,5
Img/img006-054.png,5
Img/img006-055.png,5
Img/img007-001.png,6
Img/img007-002.png,6
Img/img007-003.png,6
Img/img007-004.png,6
Img/img007-005.png,6
Img/img007-006.png,6
Img/img007-007.png,6
Img/img007-008.png,6
Img/img007-009.png,6
Img/img007-010.png,6
Img/img007-011.png,6
Img/img007-012.png,6
Img/img007-013.png,6
Img/img007-014.png,6
Img/img007-015.png,6
Img/img007-016.png,6
Img/img007-017.png,6
Img/img007-018.png,6
Img/img007-019.png,6
Img/img007-020.png,6
Img/img007-021.png,6
Img/img007-022.png,6
Img/img007-023.png,6
Img/img007-024.png,6
Img/img007-025.png,6
Img/img007-026.png,6
Img/img007-027.png,6
Img/img007-028.png,6
Img/img007-029.png,6
Img/img007-030.png,6
Img/img007-031.png,6
Img/img007-032.png,6
Img/img007-033.png,6
Img/img007-034.png,6
Img/img007-035.png,6
Img/img007-036.png,6
Img/img007-037.png,6
Img/img007-038.png,6
Img/img007-039.png,6
Img/img007-040.png,6
Img/img007-041.png,6
Img/img007-042.png,6
Img/img007-043.png,6
Img/img007-044.png,6
Img/img007-045.png,6
Img/img007-046.png,6
Img/img007-047.png,6
Img/img007-048.png,6
Img/img007-049.png,6
Img/img007-050.png,6
Img/img007-051.png,6
Img/img007-052.png,6
Img/img007-053.png,6
Img/img007-054.png,6
Img/img007-055.png,6
Img/img008-001.png,7
Img/img008-002.png,7
Img/img008-003.png,7
Img/img008-004.png,7
Img/img008-005.png,7
Img/img008-006.png,7
Img/img008-007.png,7
Img/img008-008.png,7
Img/img008-009.png,7
Img/img008-010.png,7
Img/img008-011.png,7
Img/img008-012.png,7
Img/img008-013.png,7
Img/img008-014.png,7
Img/img008-015.png,7
Img/img008-016.png,7
Img/img008-017.png,7
Img/img008-018.png,7
Img/img008-019.png,7
Img/img008-020.png,7
Img/img008-021.png,7
Img/img008-022.png,7
Img/img008-023.png,7
Img/img008-024.png,7
Img/img008-025.png,7
Img/img008-026.png,7
Img/img008-027.png,7
Img/img008-028.png,7
Img/img008-029.png,7
Img/img008-030.png,7
Img/img008-031.png,7
Img/img008-032.png,7
Img/img008-033.png,7
Img/img008-034.png,7
Img/img008-035.png,7
Img/img008-036.png,7
Img/img008-037.png,7
Img/img008-038.png,7
Img/img008-039.png,7
Img/img008-040.png,7
Img/img008-041.png,7
Img/img008-042.png,7
Img/img008-043.png,7
Img/img008-044.png,7
Img/img008-045.png,7
Img/img008-046.png,7
Img/img008-047.png,7
Img/img008-048.png,7
Img/img008-049.png,7
Img/img008-050.png,7
Img/img008-051.png,7
Img/img008-052.png,7
Img/img008-053.png,7
Img/img008-054.png,7
Img/img008-055.png,7
Img/img009-001.png,8
Img/img009-002.png,8
Img/img009-003.png,8
Img/img009-004.png,8
Img/img009-005.png,8
Img/img009-006.png,8
Img/img009-007.png,8
Img/img009-008.png,8
Img/img009-009.png,8
Img/img009-010.png,8
Img/img009-011.png,8
Img/img009-012.png,8
Img/img009-013.png,8
Img/img009-014.png,8
Img/img009-015.png,8
Img/img009-016.png,8
Img/img009-017.png,8
Img/img009-018.png,8
Img/img009-019.png,8
Img/img009-020.png,8
Img/img009-021.png,8
Img/img009-022.png,8
Img/img009-023.png,8
Img/img009-024.png,8
Img/img009-025.png,8
Img/img009-026.png,8
Img/img009-027.png,8
Img/img009-028.png,8
Img/img009-029.png,8
Img/img009-030.png,8
Img/img009-031.png,8
Img/img009-032.png,8
Img/img009-033.png,8
Img/img009-034.png,8
Img/img009-035.png,8
Img/img009-036.png,8
Img/img009-037.png,8
Img/img009-038.png,8
Img/img009-039.png,8
Img/img009-040.png,8
Img/img009-041.png,8
Img/img009-042.png,8
Img/img009-043.png,8
Img/img009-044.png,8
Img/img009-045.png,8
Img/img009-046.png,8
Img/img009-047.png,8
Img/img009-048.png,8
Img/img009-049.png,8
Img/img009-050.png,8
Img/img009-051.png,8
Img/img009-052.png,8
Img/img009-053.png,8
Img/img009-054.png,8
Img/img009-055.png,8
Img/img010-001.png,9
Img/img010-002.png,9
Img/img010-003.png,9
Img/img010-004.png,9
Img/img010-005.png,9
Img/img010-006.png,9
Img/img010-007.png,9
Img/img010-008.png,9
Img/img010-009.png,9
Img/img010-010.png,9
Img/img010-011.png,9
Img/img010-012.png,9
Img/img010-013.png,9
Img/img010-014.png,9
Img/img010-015.png,9
Img/img010-016.png,9
Img/img010-017.png,9
Img/img010-018.png,9
Img/img010-019.png,9
Img/img010-020.png,9
Img/img010-021.png,9
Img/img010-022.png,9
Img/img010-023.png,9
Img/img010-024.png,9
Img/img010-025.png,9
Img/img010-026.png,9
Img/img010-027.png,9
Img/img010-028.png,9
Img/img010-029.png,9
Img/img010-030.png,9
Img/img010-031.png,9
Img/img010-032.png,9
Img/img010-033.png,9
Img/img010-034.png,9
Img/img010-035.png,9
Img/img010-036.png,9
Img/img010-037.png,9
Img/img010-038.png,9
Img/img010-039.png,9
Img/img010-040.png,9
Img/img010-041.png,9
Img/img010-042.png,9
Img/img010-043.png,9
Img/img010-044.png,9
Img/img010-045.png,9
Img/img010-046.png,9
Img/img010-047.png,9
Img/img010-048.png,9
Img/img010-049.png,9
Img/img010-050.png,9
Img/img010-051.png,9
Img/img010-052.png,9
Img/img010-053.png,9
Img/img010-054.png,9
Img/img010-055.png,9
